cross,miles,fert_s,dir
U-L,90,43.48168149,Sperm
U-M,50,48.97048818,Sperm
L-U,90,12.41513455,Ova
M-U,50,43.48168149,Ova
