cross,miles,fert_s,fert_o
L-L,0,42.44293448,42.44293448
L-M,30,53.17430121,12.41513455
L-U,90,36.09619419,43.48168149
