cross,miles,fert_s,fert_o
M-M,0,12.90863744,12.90863744
M-L,30,12.41513455,53.17430121
M-U,50,25.48719475,48.97048818
