cross,miles,fert_s,fert_o
U-L,90,43.48168149,12.41513455
U-M,50,48.97048818,43.48168149
